序号,游戏,时间,
1,我所希冀的未来,2017/,
2,泡沫冬景,2021/,
3,无垠之心,2023/,
4,我在七年后等你,2022/,
5,去月球,2021/,
6,opus：龙脉常歌,2022/,
7,opus：地球计划,2022/,
8,opus：灵魂之桥,2022/,
9,ISLAND,2024/,
10,奇异人生2,2023/,
11,神医,2022/,
12,火山的女儿,2023/,
13,Florence,2020/,
14,重装机兵,2014/,
15,诺拉和时间工房,2023/,
16,星之梦,2021/,
17,中国式家长,2025/3/,
18,如果一生只有三十岁,2022/,
19,如果可以早点回家,2022/,
20,弑神录,2014/,
21,苍之彼方的四重奏,2025/,
22,画个火柴人,2016/,
23,云端之约,2025/,
24,一只鸟的故事,2022/,
25,寻找天堂,2022/,
26,亚托莉-我挚爱的时光,2024/,
27,7天,2020/,
28,怪异揭示板,2022/,
29,endn*,2021/,
30,玉响未来,2022/,
31,120日元,2021/,
32,月姬,2025/,
33,隐形守护者,2025/,
34,拣爱,2023/,
35,刻痕,2021/,
36,铸时匠,2025/,
37,SPPL,2025/,
38,水仙,2021/,
39,沙耶之歌,2021/,
40,千恋万花,2023/,
41,茂伸奇谈,2024/,
42,魔法使之夜,2025/12/,
43,小白兔电商,2025/3/5,
44,妹同居,2023/,
45,妹相随,2024/,
46,童贞兄妹,2022/,
47,妹抱,2022/,2025/6/
48,樱花萌放,2025/6/10,
49,魔女的夜宴,2025/6/11,
50,现妹,2025/6/16,
51,病痴兄妹,2025/6/17,
52,恋爱选举巧克力,2025/6/18,
53,秽翼的尤斯蒂娅,2025/6/20,
54,爱上火车,202/6/23,
55,拔作岛1,2025/6/24,
56,家的钥匙,2025/6/24,
57,兰斯,2025/6/26,
58,花吻在上,,
59,哥禁右手,2025/7/9,